Название вакансии,Компания,Город,Дата публикации,Ссылка
Junior QA Engineer,Kinetica,Санкт-Петербург,2024-11-19T12:19:19+0300,https://hh.ru/vacancy/111320093
Стажер-тестировщик,Григорьева Анна,Пинск,2024-11-19T12:37:00+0300,https://hh.ru/vacancy/111322194
Младший тестировщик (ручное тестирование),ProSpace,Санкт-Петербург,2024-11-19T10:30:38+0300,https://hh.ru/vacancy/108984095
Junior QA engineer,Hodl Hodl,Москва,2024-11-20T18:01:11+0300,https://hh.ru/vacancy/111443435
Тестировщик/QA Engineer (Junior),Ботхаб,Новосибирск,2024-11-18T16:57:01+0300,https://hh.ru/vacancy/111254137
Junior QA Engineer,Elephant Games,Москва,2024-11-18T18:06:44+0300,https://hh.ru/vacancy/111261360
Стажер-тестировщик,Нестеренко Анастасия,Тараз,2024-11-20T22:30:23+0300,https://hh.ru/vacancy/111454379
Тестировщик веб-проектов,Пэйвол Рус,Санкт-Петербург,2024-11-15T21:45:33+0300,https://hh.ru/vacancy/111098561
Младший специалист по тестированию (Junior QA),Организация качества,Владимир,2024-11-19T11:09:55+0300,https://hh.ru/vacancy/107553426
Intern QA Engineer,Matryoshka Games,Новосибирск,2024-11-15T13:24:10+0300,https://hh.ru/vacancy/107328945
Junior QA Manual (Ручной тестировщик),Oxytocin,Москва,2024-10-25T14:12:15+0300,https://hh.ru/vacancy/109295745
Программист / программист-тестировщик (стажер),Ит Продажи,Москва,2024-11-17T23:12:07+0300,https://hh.ru/vacancy/111177623
QA Engineer (Mobile),Secreate,Москва,2024-11-18T14:43:49+0300,https://hh.ru/vacancy/111237987
Junior QA Manual,JavaCode,Таганрог,2024-11-21T14:44:42+0300,https://hh.ru/vacancy/111523322
Тестировщик специалист технической поддержки,Selsup,Москва,2024-11-08T15:27:08+0300,https://hh.ru/vacancy/110428437
Стажёр-тестировщик,КРОК,Москва,2024-11-20T09:51:13+0300,https://hh.ru/vacancy/110137467
QA-инженер/Тестировщик (автоэлектроника),Роадгид,Санкт-Петербург,2024-11-19T17:31:07+0300,https://hh.ru/vacancy/111350290
Junior QA Engineer (Тестировщик),Новая Школа,Санкт-Петербург,2024-11-13T11:27:21+0300,https://hh.ru/vacancy/110865035
Junior QA Engineer,Matryoshka Games,Томск,2024-11-03T12:30:57+0300,https://hh.ru/vacancy/106770101
Специалист по тестированию / QA engineer,РК-ТЕХНОЛОГИИ,Нижний Новгород,2024-11-19T16:31:14+0300,https://hh.ru/vacancy/107655804
"Младший тестировщик B2B веб интерфейсов,мобильных приложений",ИНЛАЙН,Барнаул,2024-11-18T11:13:55+0300,https://hh.ru/vacancy/111214267
Тестировщик ПО,Юрков Алексей,Нижний Новгород,2024-10-25T20:08:43+0300,https://hh.ru/vacancy/109309784
Junior QA Engineer (Mobile Games),Ollie Games,Воронеж,2024-11-12T11:06:16+0300,https://hh.ru/vacancy/110218639
Стажер - QA инженер (Тестировщик ПО Python),Патрес,Москва,2024-11-12T02:58:43+0300,https://hh.ru/vacancy/110715973
Тестировщик приложений для смартфонов (Junior),Горшков Сергей Николаевич,Новосибирск,2024-11-21T04:25:04+0300,https://hh.ru/vacancy/111457756
Тестировщик приложений для смартфонов (Junior),Горшков Сергей Николаевич,Томск,2024-11-21T04:25:04+0300,https://hh.ru/vacancy/111457777
Тестировщик приложений для смартфонов (Junior),Горшков Сергей Николаевич,Санкт-Петербург,2024-11-21T04:25:04+0300,https://hh.ru/vacancy/111457755
Тестировщик приложений для смартфонов (Junior),Горшков Сергей Николаевич,Нижний Новгород,2024-11-21T04:25:04+0300,https://hh.ru/vacancy/111457762
Junior QA,"МАГНИТ, Розничная сеть",Краснодар,2024-11-07T09:26:43+0300,https://hh.ru/vacancy/110287206
Тестировщик-Интегратор,MediaNation,Москва,2024-11-19T13:22:17+0300,https://hh.ru/vacancy/110878369
Тестировщик приложений для смартфонов (Junior),Горшков Сергей Николаевич,Воронеж,2024-11-21T04:25:04+0300,https://hh.ru/vacancy/111457765
Тестировщик приложений для смартфонов (Junior),Горшков Сергей Николаевич,Уфа,2024-11-21T04:25:04+0300,https://hh.ru/vacancy/111457764
Тестировщик приложений для смартфонов (Junior),Горшков Сергей Николаевич,Омск,2024-11-21T04:25:04+0300,https://hh.ru/vacancy/111457759
Тестировщик приложений для смартфонов (Junior),Горшков Сергей Николаевич,Самара,2024-11-21T04:25:04+0300,https://hh.ru/vacancy/111457775
Тестировщик приложений для смартфонов (Junior),Горшков Сергей Николаевич,Краснодар,2024-11-21T04:25:04+0300,https://hh.ru/vacancy/111457767
Тестировщик приложений для смартфонов (Junior),Горшков Сергей Николаевич,Ростов-на-Дону,2024-11-21T04:25:04+0300,https://hh.ru/vacancy/111457766
Тестировщик приложений для смартфонов (Junior),Горшков Сергей Николаевич,Казань,2024-11-21T04:25:04+0300,https://hh.ru/vacancy/111457769
Тестировщик приложений для смартфонов (Junior),Горшков Сергей Николаевич,Пермь,2024-11-21T04:25:04+0300,https://hh.ru/vacancy/111457763
Тестировщик приложений для смартфонов (Junior),Горшков Сергей Николаевич,Ярославль,2024-11-21T04:25:04+0300,https://hh.ru/vacancy/111457773
Тестировщик приложений для смартфонов (Junior),Горшков Сергей Николаевич,Екатеринбург,2024-11-21T04:25:04+0300,https://hh.ru/vacancy/111457760
Тестировщик приложений для смартфонов (Junior),Горшков Сергей Николаевич,Барнаул,2024-11-21T04:25:04+0300,https://hh.ru/vacancy/111457757
Тестировщик приложений для смартфонов (Junior),Горшков Сергей Николаевич,Красноярск,2024-11-21T04:25:04+0300,https://hh.ru/vacancy/111457758
QA VIP-manager,LLC Omniverse,Москва,2024-11-02T11:01:16+0300,https://hh.ru/vacancy/109939663
Тестировщик приложений для смартфонов (Junior),Горшков Сергей Николаевич,Тюмень,2024-11-21T04:25:04+0300,https://hh.ru/vacancy/111457768
Тестировщик приложений для смартфонов (Junior),Горшков Сергей Николаевич,Тула,2024-11-21T04:25:04+0300,https://hh.ru/vacancy/111457778
Тестировщик приложений для смартфонов (Junior),Горшков Сергей Николаевич,Волгоград,2024-11-21T04:25:04+0300,https://hh.ru/vacancy/111457774
Тестировщик приложений для смартфонов (Junior),Горшков Сергей Николаевич,Ульяновск,2024-11-21T04:25:04+0300,https://hh.ru/vacancy/111457770
Тестировщик приложений для смартфонов (Junior),Горшков Сергей Николаевич,Ставрополь,2024-11-21T04:25:04+0300,https://hh.ru/vacancy/111457776
Тестировщик приложений для смартфонов (Junior),Горшков Сергей Николаевич,Челябинск,2024-11-21T04:25:04+0300,https://hh.ru/vacancy/111457761
Тестировщик приложений для смартфонов (Junior),Горшков Сергей Николаевич,Оренбург,2024-11-21T04:25:04+0300,https://hh.ru/vacancy/111457772
Тестировщик приложений для смартфонов (Junior),Горшков Сергей Николаевич,Чебоксары,2024-11-21T04:25:04+0300,https://hh.ru/vacancy/111457771
